,regret_validation,rank_valid
0,0.0033999999999999586,3
1,0.0033999999999999586,3
2,0.0,0
3,0.0,0
4,0.0,0
